city_id,hexagon_n,UC_NM_MN,CTR_MN_NM,CTR_MN_ISO,tree_pct,pop_ft_pct,tr_pct_bin,geometry
10.0,1814,San Jose,United States,USA,0.044147925058352,0.1608045283824669,"[0.04, 0.06)","POLYGON ((-122.44168124624147 37.77246135315821, -122.44168124624147 37.781458490118254, -122.43037081973891 37.781458490118254, -122.43037081973891 37.77246135315821, -122.44168124624147 37.77246135315821))"
79.0,606,Phoenix,United States,USA,0.029236110018881,0.3809790087439195,"[0.02, 0.04)","POLYGON ((-112.11858007387585 33.49519288545836, -112.11858007387585 33.50419002240302, -112.10785948588146 33.50419002240302, -112.10785948588146 33.49519288545836, -112.11858007387585 33.49519288545836))"
143.0,503,Ciudad Juárez,Mexico,MEX,0.003142810628405,0.7779646043112459,"[0.0, 0.02)","POLYGON ((-106.40208528182478 31.647662322767545, -106.40208528182478 31.65665945970605, -106.39158333373983 31.65665945970605, -106.39158333373983 31.647662322767545, -106.40208528182478 31.647662322767545))"
183.0,51,Anchorage,United States,USA,0.239431121612974,0.1327414252362472,"[0.22, 0.24)","POLYGON ((-149.95900403473698 61.18427038751779, -149.95900403473698 61.19326752461942, -149.940453930789 61.19326752461942, -149.940453930789 61.18427038751779, -149.95900403473698 61.18427038751779))"
288.0,11,Guatemala City,Guatemala,GTM,0.074075518222215,0.0831750085706415,"[0.06, 0.08)","POLYGON ((-90.55413263683675 14.52927326810623, -90.55413263683675 14.538270404996249, -90.54489732370828 14.538270404996249, -90.54489732370828 14.52927326810623, -90.55413263683675 14.52927326810623))"
321.0,282,San Salvador,El Salvador,SLV,0.119272338359334,0.0846625113028603,"[0.1, 0.12)","POLYGON ((-89.18371184130008 13.796114101599125, -89.18371184130008 13.805111238487294, -89.17450631133659 13.805111238487294, -89.17450631133659 13.796114101599125, -89.18371184130008 13.796114101599125))"
323.0,882,Dallas,United States,USA,0.217961735706343,0.064451121606237,"[0.2, 0.22)","POLYGON ((-96.75962919797561 32.87197000771984, -96.75962919797561 32.88096714466239, -96.74898461360864 32.88096714466239, -96.74898461360864 32.87197000771984, -96.75962919797561 32.87197000771984))"
359.0,175,Tegucigalpa,Honduras,HND,0.066666610941303,0.1815305255114665,"[0.06, 0.08)","POLYGON ((-87.238989626811 14.090702891895203, -87.238989626811 14.099700028784113, -87.22977233420923 14.099700028784113, -87.22977233420923 14.090702891895203, -87.238989626811 14.090702891895203))"
367.0,116,Managua,Nicaragua,NIC,0.110548208922972,0.1312750422790651,"[0.1, 0.12)","POLYGON ((-86.3040926951293 12.12901767176127, -86.3040926951293 12.13801480864528, -86.29494863848268 12.13801480864528, -86.29494863848268 12.12901767176127, -86.3040926951293 12.12901767176127))"
392.0,359,San José,Costa Rica,CRI,0.103794128041141,0.1046825331605196,"[0.1, 0.12)","POLYGON ((-84.09209346131277 9.896428291584298, -84.09209346131277 9.905425428462816, -84.08301852117813 9.905425428462816, -84.08301852117813 9.896428291584298, -84.09209346131277 9.896428291584298))"
400.0,558,New Orleans,United States,USA,0.101918058952703,0.1490775311854947,"[0.1, 0.12)","POLYGON ((-90.17455037743511 29.987984522404748, -90.17455037743511 29.99698165933793, -90.16422839154318 29.99698165933793, -90.16422839154318 29.987984522404748, -90.17455037743511 29.987984522404748))"
458.0,45,Panama City,Panama,PAN,0.029602270940246,0.1516571343900236,"[0.02, 0.04)","POLYGON ((-79.52359479058798 8.971286358364209, -79.52359479058798 8.980283495240474, -79.5145441770124 8.980283495240474, -79.5145441770124 8.971286358364209, -79.52359479058798 8.971286358364209))"
467.0,353,Quito,Ecuador,ECU,0.00425683911965,0.3279313958139253,"[0.0, 0.02)","POLYGON ((-78.51061304131014 -0.21416727822936, -78.51061304131014 -0.2051701413750342, -78.50167319680719 -0.2051701413750342, -78.50167319680719 -0.21416727822936, -78.51061304131014 -0.21416727822936))"
473.0,361,Havana,Cuba,CUB,0.106584478656501,0.1156220392366907,"[0.1, 0.12)","POLYGON ((-82.29876506530769 23.110968936770927, -82.29876506530769 23.119966073683702, -82.2890449072802 23.119966073683702, -82.2890449072802 23.110968936770927, -82.29876506530769 23.110968936770927))"
528.0,645,Lima,Peru,PER,0.00070762772824,0.7979209525651735,"[0.0, 0.02)","POLYGON ((-77.11581162627024 -12.077330974676428, -77.11581162627024 -12.068333837850645, -77.10666964193973 -12.068333837850645, -77.10666964193973 -12.077330974676428, -77.11581162627024 -12.077330974676428))"
530.0,88,Nashville,United States,USA,0.36326206089889,0.0821627916777504,"[0.36, 0.38)","POLYGON ((-86.67432631743812 36.03794564877721, -86.67432631743812 36.04694278573081, -86.6632701910501 36.04694278573081, -86.6632701910501 36.03794564877721, -86.67432631743812 36.03794564877721))"
621.0,248,Bogota,Colombia,COL,0.001096795053869,0.5819189733120214,"[0.0, 0.02)","POLYGON ((-74.14950605285637 4.552404747880466, -74.14950605285637 4.561401884746108, -74.14053792003662 4.561401884746108, -74.14053792003662 4.552404747880466, -74.14950605285637 4.552404747880466))"
634.0,4352,Chicago,United States,USA,0.091208980469929,0.078377197401127,"[0.08, 0.1)","POLYGON ((-87.65894151632473 41.949876845964404, -87.65894151632473 41.958873982941256, -87.64692047644931 41.958873982941256, -87.64692047644931 41.949876845964404, -87.65894151632473 41.949876845964404))"
651.0,1381,Indianapolis,United States,USA,0.236694539962703,0.0656618888367586,"[0.22, 0.24)","POLYGON ((-86.25929023811742 39.810665829876996, -86.25929023811742 39.81966296684499, -86.24765163290644 39.81966296684499, -86.24765163290644 39.810665829876996, -86.25929023811742 39.810665829876996))"
741.0,352,Port-au-Prince,Haiti,HTI,0.001262696536022,0.1866602402414542,"[0.0, 0.02)","POLYGON ((-72.34069806719037 18.57559984074463, -72.34069806719037 18.58459697764509, -72.33126671571208 18.58459697764509, -72.33126671571208 18.57559984074463, -72.34069806719037 18.57559984074463))"
770.0,2306,Detroit,United States,USA,0.19836862606902,0.0695950528750833,"[0.18, 0.2)","POLYGON ((-83.00408047543023 42.34829159608024, -83.00408047543023 42.357288733058816, -82.99198352492608 42.357288733058816, -82.99198352492608 42.34829159608024, -83.00408047543023 42.34829159608024))"
816.0,635,Santo Domingo,Dominican Republic,DOM,0.024382290646955,0.1514915491650886,"[0.02, 0.04)","POLYGON ((-69.98639207167966 18.459594092899138, -69.98639207167966 18.468591229799287, -69.97696711546253 18.468591229799287, -69.97696711546253 18.459594092899138, -69.98639207167966 18.459594092899138))"
849.0,75,El Alto [La Paz],Bolivia,BOL,0.018773354569104,0.5124369361244356,"[0.0, 0.02)","POLYGON ((-68.16059905727823 -16.52001547694769, -68.16059905727823 -16.511018340133123, -68.15127456728776 -16.511018340133123, -68.15127456728776 -16.52001547694769, -68.16059905727823 -16.52001547694769))"
855.0,1257,Washington D.C.,United States,USA,0.318076545452133,0.0502198165492783,"[0.3, 0.32)","POLYGON ((-76.98253006594909 39.0010805712983, -76.98253006594909 39.01007770826308, -76.97102581549578 39.01007770826308, -76.97102581549578 39.0010805712983, -76.98253006594909 39.0010805712983))"
857.0,517,Caracas,Venezuela,VEN,0.056832458253883,0.1320163652845875,"[0.04, 0.06)","POLYGON ((-66.80679473695103 10.485904434833076, -66.80679473695103 10.494901571713037, -66.79770298937413 10.494901571713037, -66.79770298937413 10.485904434833076, -66.80679473695103 10.485904434833076))"
931.0,491,Santiago,Chile,CHL,0.018717764578865,0.5333525786857777,"[0.0, 0.02)","POLYGON ((-70.76311101863186 -33.50621640696002, -70.76311101863186 -33.49721927019507, -70.75239016430724 -33.49721927019507, -70.75239016430724 -33.50621640696002, -70.76311101863186 -33.50621640696002))"
945.0,1327,New York,United States,USA,0.028441331847186,0.0931348720695047,"[0.02, 0.04)","POLYGON ((-73.92212224236712 40.831927656895076, -73.92212224236712 40.84092479386722, -73.91030619870878 40.84092479386722, -73.91030619870878 40.831927656895076, -73.92212224236712 40.831927656895076))"
1022.0,202,Boston,United States,USA,0.127866635469183,0.0706269068173821,"[0.12, 0.14)","POLYGON ((-71.03650093495054 42.39417066021043, -71.03650093495054 42.403167797189205, -71.0243951437483 42.403167797189205, -71.0243951437483 42.39417066021043, -71.03650093495054 42.39417066021043))"
1045.0,8,Portland,United States,USA,0.243641024116555,0.0951343621725734,"[0.24, 0.26)","POLYGON ((-70.29398064025342 43.678185849145905, -70.29398064025342 43.68718298613037, -70.28161881339629 43.68718298613037, -70.28161881339629 43.678185849145905, -70.29398064025342 43.678185849145905))"
1074.0,384,Asuncion,Paraguay,PRY,0.276010941025012,0.1085380234403251,"[0.26, 0.28)","POLYGON ((-57.479959703050625 -25.172005574129095, -57.479959703050625 -25.163008437338068, -57.47008222921124 -25.163008437338068, -57.47008222921124 -25.172005574129095, -57.479959703050625 -25.172005574129095))"
1105.0,736,Buenos Aires,Argentina,ARG,0.02580103376506,0.1992310072839394,"[0.02, 0.04)","POLYGON ((-58.40321312583955 -34.60285250896454, -58.40321312583955 -34.59385537220337, -58.39235269681632 -34.59385537220337, -58.39235269681632 -34.60285250896454, -58.40321312583955 -34.60285250896454))"
1138.0,179,Montevideo,Uruguay,URY,0.033506051085437,0.2227716161146607,"[0.02, 0.04)","POLYGON ((-56.18648045128156 -34.905265310048016, -56.18648045128156 -34.89626817328791, -56.17558018381354 -34.89626817328791, -56.17558018381354 -34.905265310048016, -56.18648045128156 -34.905265310048016))"
1303.0,748,São Paulo,Brazil,BRA,0.029015542375374,0.2152751118204876,"[0.02, 0.04)","POLYGON ((-46.64907009877002 -23.558568524361046, -46.64907009877002 -23.54957138756541, -46.63931777954414 -23.54957138756541, -46.63931777954414 -23.558568524361046, -46.64907009877002 -23.558568524361046))"
1452.0,62,Dakar,Senegal,SEN,0.0,0.954979620703402,"[0.0, 0.02)","POLYGON ((-17.39644925540334 14.748831581201085, -17.39644925540334 14.757828718091657, -17.38720469057302 14.757828718091657, -17.38720469057302 14.748831581201085, -17.39644925540334 14.748831581201085))"
1502.0,406,Conakry,Guinea,GIN,0.00637296330284,0.5036074589734153,"[0.0, 0.02)","POLYGON ((-13.608536125879759 9.605074140935574, -13.608536125879759 9.61407127781338, -13.599469116081632 9.61407127781338, -13.599469116081632 9.605074140935574, -13.608536125879759 9.605074140935574))"
1510.0,45,Reykjavik,Iceland,ISL,0.042369807875522,0.19188176892828,"[0.04, 0.06)","POLYGON ((-21.93041283750163 64.13837306875759, -21.93041283750163 64.1473702058925, -21.909914834930635 64.1473702058925, -21.909914834930635 64.13837306875759, -21.93041283750163 64.13837306875759))"
1551.0,89,Lisbon,Portugal,PRT,0.045190079697479,0.2391972720215732,"[0.04, 0.06)","POLYGON ((-9.137538457226144 38.72279252233399, -9.137538457226144 38.731789659297675, -9.126079151535572 38.731789659297675, -9.126079151535572 38.72279252233399, -9.137538457226144 38.72279252233399))"
1575.0,356,Casablanca,Morocco,MAR,3.4850705581e-05,0.8638991422480617,"[0.0, 0.02)","POLYGON ((-7.498898919602621 33.58455495680804, -7.498898919602621 33.59355209375302, -7.488167240209976 33.59355209375302, -7.488167240209976 33.58455495680804, -7.498898919602621 33.58455495680804))"
1656.0,42,Dublin,Ireland,IRL,0.150933796786605,0.1249119040308355,"[0.14, 0.16)","POLYGON ((-6.428392769314722 53.34887380564583, -6.428392769314722 53.357870942683114, -6.413415217204723 53.357870942683114, -6.413415217204723 53.34887380564583, -6.428392769314722 53.34887380564583))"
1701.0,994,Madrid,Spain,ESP,0.035529585618578,0.1664373258457155,"[0.02, 0.04)","POLYGON ((-3.684264241112459 40.428318971230006, -3.684264241112459 40.43731610820049, -3.6725194113123036 40.43731610820049, -3.6725194113123036 40.428318971230006, -3.684264241112459 40.428318971230006))"
1910.0,502,Accra,Ghana,GHA,0.006514088200682,0.7338167159446046,"[0.0, 0.02)","POLYGON ((-0.2130681950052979 5.548011587428049, -0.2130681950052979 5.55700872429607, -0.2040862675951726 5.55700872429607, -0.2040862675951726 5.548011587428049, -0.2130681950052979 5.548011587428049))"
2046.0,701,Paris,France,FRA,0.115672423255583,0.1039869799284183,"[0.1, 0.12)","POLYGON ((2.3787721094695073 48.86457437175786, 2.3787721094695073 48.87357150876812, 2.3923628960220045 48.87357150876812, 2.3923628960220045 48.86457437175786, 2.3787721094695073 48.86457437175786))"
2095.0,660,Algiers,Algeria,DZA,0.006921034473609,0.3102922451740519,"[0.0, 0.02)","POLYGON ((3.06051370350131 36.749130450419656, 3.06051370350131 36.758127587375874, 3.0716714666139624 36.758127587375874, 3.0716714666139624 36.749130450419656, 3.06051370350131 36.749130450419656))"
2101.0,28,Porto-Novo,Benin,BEN,0.01894238381506,0.3233383942419267,"[0.0, 0.02)","POLYGON ((2.620578885202956 6.461073668617886, 2.620578885202956 6.470070805488095, 2.6295758924021273 6.470070805488095, 2.6295758924021273 6.461073668617886, 2.620578885202956 6.461073668617886))"
2125.0,1291,Lagos,Nigeria,NGA,0.0,0.8689621861636232,"[0.0, 0.02)","POLYGON ((3.331085977013841 6.4617453728822545, 3.331085977013841 6.470742509752464, 3.3400829961668026 6.470742509752464, 3.3400829961668026 6.4617453728822545, 3.331085977013841 6.4617453728822545))"
2135.0,133,Brussels,Belgium,BEL,0.064469806727743,0.1390541443379976,"[0.06, 0.08)","POLYGON ((4.365045020664376 50.855464872080795, 4.365045020664376 50.864462009102404, 4.379207756307555 50.864462009102404, 4.379207756307555 50.855464872080795, 4.365045020664376 50.855464872080795))"
2167.0,345,Amsterdam,Netherlands,NLD,0.149382798115482,0.1314022204007282,"[0.14, 0.16)","POLYGON ((4.885225059544641 52.353475396985765, 4.885225059544641 52.3624725340166, 4.899862998666488 52.3624725340166, 4.899862998666488 52.353475396985765, 4.885225059544641 52.353475396985765))"
2253.0,32,Luxembourg,Luxembourg,LUX,0.107193820784314,0.1463145388860151,"[0.1, 0.12)","POLYGON ((6.094485852786566 49.60338845011238, 6.094485852786566 49.61238558712675, 6.108281478357405 49.61238558712675, 6.108281478357405 49.60338845011238, 6.094485852786566 49.60338845011238))"
2384.0,2,Bern,Switzerland,CHE,0.167618406307815,0.1407161422983992,"[0.16, 0.18)","POLYGON ((7.427948049785744 46.94501173750747, 7.427948049785744 46.95400887450761, 7.441043884402692 46.95400887450761, 7.441043884402692 46.94501173750747, 7.427948049785744 46.94501173750747))"
2493.0,20,Oslo,Norway,NOR,0.122496632294375,0.0908725754961696,"[0.12, 0.14)","POLYGON ((10.72151801756132 59.92069034942279, 10.72151801756132 59.929687486512016, 10.739357224425316 59.929687486512016, 10.739357224425316 59.92069034942279, 10.72151801756132 59.92069034942279))"
2749.0,574,Copenhagen,Denmark,DNK,0.091940602327899,0.11947054527728,"[0.08, 0.1)","POLYGON ((12.542846519455196 55.666765278730566, 12.542846519455196 55.67576241578417, 12.558698854188226 55.67576241578417, 12.558698854188226 55.666765278730566, 12.542846519455196 55.666765278730566))"
2851.0,655,Berlin,Germany,DEU,0.255155817777664,0.0857813995992488,"[0.24, 0.26)","POLYGON ((13.442805620670608 52.48183374792894, 13.442805620670608 52.49083088496059, 13.45748623852343 52.49083088496059, 13.45748623852343 52.48183374792894, 13.442805620670608 52.48183374792894))"
2897.0,428,Rome,Italy,ITA,0.046264614970032,0.1713847442974923,"[0.04, 0.06)","POLYGON ((12.515782141124323 41.86986125059527, 12.515782141124323 41.87885838757179, 12.527788120029957 41.87885838757179, 12.527788120029957 41.86986125059527, 12.515782141124323 41.86986125059527))"
2927.0,71,Prague,Czech Republic,CZE,0.161919730836538,0.1118608039851813,"[0.16, 0.18)","POLYGON ((14.440328113777811 50.07636439053778, 14.440328113777811 50.08536152755486, 14.45425937724622 50.08536152755486, 14.45425937724622 50.07636439053778, 14.440328113777811 50.07636439053778))"
2965.0,67,Ljubljana,Slovenia,SVN,0.099972755584556,0.1443726418092511,"[0.08, 0.1)","POLYGON ((14.506730422102674 46.049077910846734, 14.506730422102674 46.058075047842394, 14.519612212215144 46.058075047842394, 14.519612212215144 46.049077910846734, 14.506730422102674 46.049077910846734))"
2971.0,145,Tripoli,Libya,LBY,0.01309852144332,0.5088601471237036,"[0.0, 0.02)","POLYGON ((13.16399744519469 32.88606621753045, 13.16399744519469 32.89506335447307, 13.17464372282528 32.89506335447307, 13.17464372282528 32.88606621753045, 13.16399744519469 32.88606621753045))"
2973.0,339,Stockholm,Sweden,SWE,0.29715414830931,0.0709181351030269,"[0.28, 0.3)","POLYGON ((18.09053524021364 59.28105676762302, 18.09053524021364 59.29005390470633, 18.108038125982635 59.29005390470633, 18.108038125982635 59.28105676762302, 18.09053524021364 59.28105676762302))"
3027.0,415,Vienna,Austria,AUT,0.047987961915267,0.1118936843097761,"[0.04, 0.06)","POLYGON ((16.33959469270214 48.18912013326853, 16.33959469270214 48.19811727027514, 16.353005382758944 48.19811727027514, 16.353005382758944 48.18912013326853, 16.33959469270214 48.18912013326853))"
3032.0,106,Zagreb,Croatia,HRV,0.08969227292829,0.1593871030094326,"[0.08, 0.1)","POLYGON ((15.945954576720434 45.79650985251917, 15.945954576720434 45.80550698951359, 15.958777846855751 45.80550698951359, 15.958777846855751 45.79650985251917, 15.945954576720434 45.79650985251917))"
3034.0,49,Valletta,Malta,MLT,0.007984465438919,0.3536800257728814,"[0.0, 0.02)","POLYGON ((14.479026653637879 35.88320191277753, 14.479026653637879 35.892199049730564, 14.490061134329615 35.892199049730564, 14.490061134329615 35.88320191277753, 14.479026653637879 35.88320191277753))"
3050.0,366,Luanda,Angola,AGO,0.003141743019263,0.6630758259746189,"[0.0, 0.02)","POLYGON ((13.282003866186189 -8.8057990830389, 13.282003866186189 -8.796801946205097, 13.291050173387127 -8.796801946205097, 13.291050173387127 -8.8057990830389, 13.282003866186189 -8.8057990830389))"
3069.0,105,Bratislava,Slovakia,SVK,0.215253121519708,0.1640999741813116,"[0.2, 0.22)","POLYGON ((17.033378981067546 48.184868984217346, 17.033378981067546 48.19386612122394, 17.046788558628375 48.19386612122394, 17.046788558628375 48.184868984217346, 17.033378981067546 48.184868984217346))"
3186.0,60,N'Djamena,Chad,TCD,0.012963458658298,0.7587716175397979,"[0.0, 0.02)","POLYGON ((15.009757813022867 12.07259626307559, 15.009757813022867 12.081593399959463, 15.01889993861112 12.081593399959463, 15.01889993861112 12.07259626307559, 15.009757813022867 12.07259626307559))"
3193.0,569,Budapest,Hungary,HUN,0.202610985498554,0.095817241202111,"[0.2, 0.22)","POLYGON ((19.08608702357937 47.50165462041596, 19.08608702357937 47.51065175741896, 19.09932111406076 47.51065175741896, 19.09932111406076 47.50165462041596, 19.08608702357937 47.50165462041596))"
3196.0,62,Sarajevo,Bosnia and Herzegovina,BIH,0.160562144726999,0.1495644437083231,"[0.16, 0.18)","POLYGON ((18.408508477718794 43.855792122189946, 18.408508477718794 43.86478925917523, 18.420907069478776 43.86478925917523, 18.420907069478776 43.855792122189946, 18.408508477718794 43.855792122189946))"
3209.0,248,Kinshasa,Democratic Republic of the Congo,COD,0.048594059217342,0.1419296588008309,"[0.04, 0.06)","POLYGON ((15.273550581545551 -4.339212122378076, 15.273550581545551 -4.330214985533544, 15.282516012292927 -4.330214985533544, 15.282516012292927 -4.339212122378076, 15.273550581545551 -4.339212122378076))"
3216.0,150,Warsaw,Poland,POL,0.197934207753461,0.1174654651544841,"[0.18, 0.2)","POLYGON ((21.034577907100918 52.19561215171474, 21.034577907100918 52.204609288744564, 21.049163796304367 52.204609288744564, 21.049163796304367 52.19561215171474, 21.034577907100918 52.19561215171474))"
3244.0,141,Helsinki,Finland,FIN,0.107861412677952,0.0717500857359113,"[0.1, 0.12)","POLYGON ((24.952238712991985 60.1826335851779, 24.952238712991985 60.19163072226962, 24.970220064613805 60.19163072226962, 24.970220064613805 60.1826335851779, 24.952238712991985 60.1826335851779))"
3255.0,164,Tallinn,Estonia,EST,0.09324046906748,0.1080269628660813,"[0.08, 0.1)","POLYGON ((24.809405688797014 59.42965849049039, 24.809405688797014 59.43865562757506, 24.82698537922144 59.43865562757506, 24.82698537922144 59.42965849049039, 24.809405688797014 59.42965849049039))"
3269.0,111,Riga,Latvia,LVA,0.218174709854105,0.084140798158221,"[0.2, 0.22)","POLYGON ((24.173409931637483 56.949796644905156, 24.173409931637483 56.958793781968645, 24.189803917882948 56.958793781968645, 24.189803917882948 56.949796644905156, 24.173409931637483 56.949796644905156))"
3270.0,281,Belgrade,Serbia,SRB,0.202870764794253,0.1010570683138281,"[0.2, 0.22)","POLYGON ((20.402169589123776 44.81899685413493, 20.402169589123776 44.827993991124664, 20.414773572350548 44.827993991124664, 20.414773572350548 44.81899685413493, 20.402169589123776 44.81899685413493))"
3274.0,11,Tirana,Albania,ALB,0.010779246935755,0.3814307629544758,"[0.0, 0.02)","POLYGON ((19.796252586495918 41.31222614024746, 19.796252586495918 41.32122327722161, 19.80815528381576 41.32122327722161, 19.80815528381576 41.31222614024746, 19.796252586495918 41.31222614024746))"
3332.0,130,Skopje,Macedonia,MKD,0.082107436250354,0.1794744415084287,"[0.08, 0.1)","POLYGON ((21.417556325104094 41.9876938321263, 21.417556325104094 41.99669096910332, 21.429584504425502 41.99669096910332, 21.429584504425502 41.9876938321263, 21.417556325104094 41.9876938321263))"
3339.0,6,Vilnius,Lithuania,LTU,0.088163969380278,0.0973520636803161,"[0.08, 0.1)","POLYGON ((25.27521206654934 54.6762233735422, 25.27521206654934 54.68522051058861, 25.290675261666216 54.68522051058861, 25.290675261666216 54.6762233735422, 25.27521206654934 54.6762233735422))"
3381.0,48,Sofia,Bulgaria,BGR,0.169718027626608,0.1093221462791925,"[0.16, 0.18)","POLYGON ((23.35699921680864 42.69868999640294, 23.35699921680864 42.70768713338305, 23.369164215091175 42.70768713338305, 23.369164215091175 42.69868999640294, 23.35699921680864 42.69868999640294))"
3420.0,81,Athens,Greece,GRC,0.019539690337304,0.2924127827035639,"[0.0, 0.02)","POLYGON ((23.708289648062276 37.95351307114025, 23.708289648062276 37.96251020810098, 23.7196278992664 37.96251020810098, 23.7196278992664 37.95351307114025, 23.708289648062276 37.95351307114025))"
3444.0,291,Bucharest,Romania,ROU,0.06374678601175,0.1308626441831405,"[0.06, 0.08)","POLYGON ((26.092398904658907 44.427317320584265, 26.092398904658907 44.43631445757217, 26.104918124322875 44.43631445757217, 26.104918124322875 44.427317320584265, 26.092398904658907 44.427317320584265))"
3517.0,57,Kyiv,Ukraine,UKR,0.112966416900498,0.1176507887542049,"[0.1, 0.12)","POLYGON ((30.51434840160705 50.439749616923855, 30.51434840160705 50.44874675394303, 30.528386355864065 50.44874675394303, 30.528386355864065 50.439749616923855, 30.51434840160705 50.439749616923855))"
3673.0,680,Johannesburg,South Africa,ZAF,0.003050605981686,0.5477667881996691,"[0.0, 0.02)","POLYGON ((28.08785551907132 -26.108642730515662, 28.08785551907132 -26.09964559372736, 28.097810788144574 -26.09964559372736, 28.097810788144574 -26.108642730515662, 28.08785551907132 -26.108642730515662))"
3675.0,2378,Moscow,Russia,RUS,0.342059222732017,0.0542388767541227,"[0.34, 0.36)","POLYGON ((37.72406054910336 55.6077843117322, 37.72406054910336 55.61678144878536, 37.739889031841585 55.61678144878536, 37.739889031841585 55.6077843117322, 37.72406054910336 55.6077843117322))"
3798.0,288,Lusaka,Zambia,ZMB,0.002922899021875,0.4437189124069606,"[0.0, 0.02)","POLYGON ((28.233887883147304 -15.374151234444334, 28.233887883147304 -15.36515409762683, 28.24315925237212 -15.36515409762683, 28.24315925237212 -15.374151234444334, 28.233887883147304 -15.374151234444334))"
3809.0,370,Ankara,Turkey,TUR,0.03048391262291,0.2640168670603116,"[0.02, 0.04)","POLYGON ((32.910477992236395 39.91460539724155, 32.910477992236395 39.92360253420995, 32.922134243797196 39.92360253420995, 32.922134243797196 39.91460539724155, 32.910477992236395 39.91460539724155))"
3868.0,89,Durban,South Africa,ZAF,0.112200389151086,0.1101103013841021,"[0.1, 0.12)","POLYGON ((30.880845862226654 -29.950756031450087, 30.880845862226654 -29.94175889467348, 30.891163060067107 -29.94175889467348, 30.891163060067107 -29.950756031450087, 30.880845862226654 -29.950756031450087))"
3902.0,894,Cairo,Egypt,EGY,0.000180803793803,0.8322759678745563,"[0.0, 0.02)","POLYGON ((31.307279294437823 30.12238313883275, 31.307279294437823 30.131380275766343, 31.3176153024249 30.131380275766343, 31.3176153024249 30.12238313883275, 31.307279294437823 30.12238313883275))"
4094.0,9,Nicosia,Cyprus,CYP,0.023671291210214,0.3232304192676265,"[0.02, 0.04)","POLYGON ((33.35392833372925 35.155897934293066, 33.35392833372925 35.164895071243514, 33.364863264683336 35.164895071243514, 33.364863264683336 35.155897934293066, 33.35392833372925 35.155897934293066))"
4172.0,26,Kigali,Rwanda,RWA,0.044219470493598,0.1410688583674988,"[0.04, 0.06)","POLYGON ((30.05122676413886 -1.9644509869719604, 30.05122676413886 -1.9554538501217835, 30.060171782126986 -1.9554538501217835, 30.060171782126986 -1.9644509869719604, 30.05122676413886 -1.9644509869719604))"
4220.0,173,Maputo,Mozambique,MOZ,0.012499902046255,0.3238710330728605,"[0.0, 0.02)","POLYGON ((32.56037054555112 -25.942078672299836, 32.56037054555112 -25.933081535511047, 32.570311696139264 -25.933081535511047, 32.570311696139264 -25.942078672299836, 32.56037054555112 -25.942078672299836))"
4322.0,66,Juba,South Sudan,SSD,0.026363495421404,0.3605882308483788,"[0.02, 0.04)","POLYGON ((31.589501487202256 4.857070129672008, 31.589501487202256 4.866067266538379, 31.598473549186714 4.866067266538379, 31.598473549186714 4.857070129672008, 31.589501487202256 4.857070129672008))"
4335.0,283,Khartoum,Sudan,SDN,0.0,0.963118306660067,"[0.0, 0.02)","POLYGON ((32.420431085953076 15.649058478697969, 32.420431085953076 15.658055615590833, 32.429715208778404 15.658055615590833, 32.429715208778404 15.649058478697969, 32.420431085953076 15.649058478697969))"
4337.0,230,Beirut,Lebanon,LBN,0.051404982564733,0.2449076642284814,"[0.04, 0.06)","POLYGON ((35.50685597072957 33.84457629759405, 35.50685597072957 33.85357343453992, 35.51762020355743 33.85357343453992, 35.51762020355743 33.84457629759405, 35.50685597072957 33.84457629759405))"
4407.0,149,Damascus,Syria,SYR,9.5567142413e-05,0.7622255998484265,"[0.0, 0.02)","POLYGON ((36.299921658435196 33.4596924365816, 36.299921658435196 33.46868957352615, 36.31063785379289 33.46868957352615, 36.31063785379289 33.4596924365816, 36.299921658435196 33.4596924365816))"
4408.0,132,Amman,Jordan,JOR,0.000687513448575,0.8880393315436971,"[0.0, 0.02)","POLYGON ((35.96321167965562 31.947387115064743, 35.96321167965562 31.956384252004234, 35.97374774853327 31.956384252004234, 35.97374774853327 31.947387115064743, 35.96321167965562 31.947387115064743))"
4427.0,441,Kampala,Uganda,UGA,0.144317791121513,0.1405875194049172,"[0.14, 0.16)","POLYGON ((32.51756096356101 0.3695891928772729, 32.51756096356101 0.3785863297329818, 32.52650093865639 0.3785863297329818, 32.52650093865639 0.3695891928772729, 32.51756096356101 0.3695891928772729))"
4679.0,13,Dodoma,Tanzania,TZA,0.010048851746256,0.3340529606371802,"[0.0, 0.02)","POLYGON ((35.726793063358556 -6.15680282080934, 35.726793063358556 -6.1478056839691515, 35.73578463576257 -6.1478056839691515, 35.73578463576257 -6.15680282080934, 35.726793063358556 -6.15680282080934))"
4808.0,176,Nairobi,Kenya,KEN,0.055292800063438,0.2447976793263719,"[0.04, 0.06)","POLYGON ((36.79036144109543 -1.3169022858482184, 36.79036144109543 -1.3079051489965061, 36.79930357167642 -1.3079051489965061, 36.79930357167642 -1.3169022858482184, 36.79036144109543 -1.3169022858482184))"
5134.0,457,Addis Ababa,Ethiopia,ETH,0.06740011063853,0.2117351088265035,"[0.06, 0.08)","POLYGON ((38.71900864465558 9.019543747713026, 38.71900864465558 9.028540884589411, 38.72806046563746 9.028540884589411, 38.72806046563746 9.019543747713026, 38.71900864465558 9.019543747713026))"
5314.0,821,Baghdad,Iraq,IRQ,9.4761943499e-05,0.818284163863449,"[0.0, 0.02)","POLYGON ((44.525685782089155 33.435377609011624, 44.525685782089155 33.4443747459561, 44.53639897330831 33.4443747459561, 44.53639897330831 33.435377609011624, 44.525685782089155 33.435377609011624))"
5528.0,268,Baku,Azerbaijan,AZE,0.002779116927331,0.482748053987429,"[0.0, 0.02)","POLYGON ((49.86674975930332 40.37917904227515, 49.86674975930332 40.38817617924544, 49.87848601695996 40.38817617924544, 49.87848601695996 40.37917904227515, 49.86674975930332 40.37917904227515))"
5635.0,228,Sana'a,Yemen,YEM,0.013306557802919,0.8934675698016029,"[0.0, 0.02)","POLYGON ((44.21965253534864 15.35758924151999, 44.21965253534864 15.366586378412114, 44.228923562671035 15.366586378412114, 44.228923562671035 15.35758924151999, 44.21965253534864 15.35758924151999))"
5698.0,497,Riyadh,Saudi Arabia,SAU,0.003844858454342,0.9503294877964008,"[0.0, 0.02)","POLYGON ((46.675096126675 24.697503715024716, 46.675096126675 24.706500851941982, 46.68493635054712 24.706500851941982, 46.68493635054712 24.697503715024716, 46.675096126675 24.697503715024716))"
5737.0,739,Tehran,Iran,IRN,0.001226078641552,0.6553134743371726,"[0.0, 0.02)","POLYGON ((50.9694480171349 35.697946309363424, 50.9694480171349 35.70694344631581, 50.98045680069152 35.70694344631581, 50.98045680069152 35.697946309363424, 50.9694480171349 35.697946309363424))"
5915.0,425,Dubai,United Arab Emirates,ARE,0.001163033882483,0.9194887547552278,"[0.0, 0.02)","POLYGON ((55.38885100616937 25.3366384667459, 55.38885100616937 25.345635603665013, 55.398742600026935 25.345635603665013, 55.398742600026935 25.3366384667459, 55.38885100616937 25.3366384667459))"
5936.0,71,Nur-Sultan,Kazakhstan,KAZ,0.025236493583996,0.2110759848243857,"[0.02, 0.04)","POLYGON ((71.46146443985455 51.13624811865532, 71.46146443985455 51.14524525567862, 71.475713145716 51.14524525567862, 71.475713145716 51.13624811865532, 71.46146443985455 51.13624811865532))"
6008.0,44,Tashkent,Uzbekistan,UZB,0.007929709443199,0.3895462896665151,"[0.0, 0.02)","POLYGON ((69.27695816459627 41.22102908714939, 69.27695816459627 41.230026224123165, 69.28884424653045 41.230026224123165, 69.28884424653045 41.22102908714939, 69.27695816459627 41.22102908714939))"
6118.0,158,Kabul,Afghanistan,AFG,0.008000209970951,0.5619348930233355,"[0.0, 0.02)","POLYGON ((69.13565022550036 34.544596048913235, 69.13565022550036 34.55359318586152, 69.14650420530695 34.55359318586152, 69.14650420530695 34.544596048913235, 69.13565022550036 34.544596048913235))"
6169.0,994,Karachi,Pakistan,PAK,0.017352735221722,0.8011443690023947,"[0.0, 0.02)","POLYGON ((67.02934834581774 24.830523608567347, 67.02934834581774 24.839520745484997, 67.03919911614254 24.839520745484997, 67.03919911614254 24.830523608567347, 67.02934834581774 24.830523608567347))"
6845.0,792,Mumbai,India,IND,0.201121047070517,0.071204629413542,"[0.2, 0.22)","POLYGON ((72.86693150014789 19.29031400951296, 72.86693150014789 19.29931114641531, 72.87640330435323 19.29931114641531, 72.87640330435323 19.29031400951296, 72.86693150014789 19.29031400951296))"
6955.0,1891,Delhi [New Delhi],India,IND,0.006686226980226,0.2548575980477272,"[0.0, 0.02)","POLYGON ((77.26891655078357 28.709656136359435, 77.26891655078357 28.718653273288627, 77.27910982215519 28.718653273288627, 77.27910982215519 28.709656136359435, 77.26891655078357 28.709656136359435))"
8835.0,12,Colombo,Sri Lanka,LKA,0.383813815055439,0.051525455187495,"[0.38, 0.4)","POLYGON ((79.90079314860931 6.753443861973521, 79.90079314860931 6.76244099884443, 79.90979547887454 6.76244099884443, 79.90979547887454 6.753443861973521, 79.90079314860931 6.753443861973521))"
9872.0,3657,Dhaka,Bangladesh,BGD,0.012712941925571,0.2451291712722036,"[0.0, 0.02)","POLYGON ((90.46264879629176 23.709181904121973, 90.46264879629176 23.718179041036425, 90.47241300176816 23.718179041036425, 90.47241300176816 23.709181904121973, 90.46264879629176 23.709181904121973))"
10155.0,291,Mandalay,Myanmar,MMR,0.063110967455886,0.1185761834940095,"[0.06, 0.08)","POLYGON ((96.07061248341256 21.97782122513855, 96.07061248341256 21.986818362048165, 96.08025314601353 21.986818362048165, 96.08025314601353 21.97782122513855, 96.07061248341256 21.97782122513855))"
10248.0,518,Yangon,Myanmar,MMR,0.214029016354816,0.090600517092556,"[0.2, 0.22)","POLYGON ((96.12642993903142 16.795313249396607, 96.12642993903142 16.804310386292418, 96.13576827680127 16.804310386292418, 96.13576827680127 16.795313249396607, 96.12642993903142 16.795313249396607))"
10479.0,214,Xi'an,China,CHN,0.031346025415321,0.2536722546524148,"[0.02, 0.04)","POLYGON ((108.96653503879776 34.29498889452545, 108.96653503879776 34.303986031472874, 108.97735666076281 34.303986031472874, 108.97735666076281 34.29498889452545, 108.96653503879776 34.29498889452545))"
10607.0,656,Chongqing,China,CHN,0.157285359305766,0.0939831991961858,"[0.14, 0.16)","POLYGON ((106.5033858931972 29.508993704776003, 106.5033858931972 29.51799084170768, 106.51365867089952 29.51799084170768, 106.51365867089952 29.508993704776003, 106.5033858931972 29.508993704776003))"
10687.0,1829,Beijing,China,CHN,0.114945354144763,0.1116191907355616,"[0.1, 0.12)","POLYGON ((116.3732722383472 39.974421316681784, 116.3732722383472 39.98341845365042, 116.38493868686483 39.98341845365042, 116.38493868686483 39.974421316681784, 116.3732722383472 39.974421316681784))"
10715.0,2705,Bangkok,Thailand,THA,0.091417968643119,0.1646631009609881,"[0.08, 0.1)","POLYGON ((100.56315046204303 13.727965085857821, 100.56315046204303 13.736962222745817, 100.57235330978673 13.736962222745817, 100.57235330978673 13.727965085857821, 100.56315046204303 13.727965085857821))"
11136.0,608,Hanoi,Vietnam,VNM,0.045350021641489,0.209611307070939,"[0.04, 0.06)","POLYGON ((105.85419354658232 21.009354909622115, 105.85419354658232 21.01835204652909, 105.86377023725768 21.01835204652909, 105.86377023725768 21.009354909622115, 105.85419354658232 21.009354909622115))"
11139.0,1039,Kuala Lumpur,Malaysia,MYS,0.070654085603986,0.1157502298675372,"[0.06, 0.08)","POLYGON ((101.70243901620276 3.202706188976963, 101.70243901620276 3.211703325839393, 101.71139282428916 3.211703325839393, 101.71139282428916 3.202706188976963, 101.70243901620276 3.202706188976963))"
11498.0,160,Singapore,Singapore,SGP,0.113974303335434,0.1307465024743649,"[0.1, 0.12)","POLYGON ((103.79432960412367 1.4346147461184293, 103.79432960412367 1.4436118829766624, 103.80327220918397 1.4436118829766624, 103.80327220918397 1.4346147461184293, 103.79432960412367 1.4346147461184293))"
11862.0,5336,Jakarta,Indonesia,IDN,0.067158863773935,0.1084079526149355,"[0.06, 0.08)","POLYGON ((106.7913295551127 -6.190771924686223, 106.7913295551127 -6.181774787846116, 106.80032170376656 -6.181774787846116, 106.80032170376656 -6.190771924686223, 106.7913295551127 -6.190771924686223))"
12080.0,5899,Guangzhou,China,CHN,0.031776466387571,0.1624539002822603,"[0.02, 0.04)","POLYGON ((113.25072571202882 23.16445116356523, 113.25072571202882 23.17344830047815, 113.26044974876626 23.17344830047815, 113.26044974876626 23.16445116356523, 113.25072571202882 23.16445116356523))"
12109.0,259,Pyongyang,North Korea,PRK,0.013029929864195,0.5453103455299029,"[0.0, 0.02)","POLYGON ((125.71783352240972 39.00267099966118, 125.71783352240972 39.01166813662595, 125.72933803151852 39.01166813662595, 125.72933803151852 39.00267099966118, 125.71783352240972 39.00267099966118))"
12211.0,20,Zhuhai,China,CHN,0.023518122067932,0.1769522716054958,"[0.02, 0.04)","POLYGON ((113.55316939092634 22.20146715661681, 113.55316939092634 22.210464293527046, 113.56282534147694 22.210464293527046, 113.56282534147694 22.20146715661681, 113.55316939092634 22.20146715661681))"
12274.0,298,Hong Kong,China,CHN,0.118445310853942,0.0866463484067067,"[0.1, 0.12)","POLYGON ((114.25407504510224 22.305171553764286, 114.25407504510224 22.314168690674816, 114.26373815114066 22.314168690674816, 114.26373815114066 22.305171553764286, 114.25407504510224 22.305171553764286))"
12389.0,2569,Seoul,South Korea,KOR,0.008833947571358,0.2621501510527375,"[0.0, 0.02)","POLYGON ((127.0386227560525 37.65365393263749, 127.0386227560525 37.662651069597075, 127.04991505903791 37.662651069597075, 127.04991505903791 37.65365393263749, 127.0386227560525 37.65365393263749))"
12400.0,5101,Shanghai,China,CHN,0.050948952497203,0.1705633265650686,"[0.04, 0.06)","POLYGON ((121.48056629383125 31.253617854329274, 121.48056629383125 31.262614991266506, 121.49102415230567 31.262614991266506, 121.49102415230567 31.253617854329274, 121.48056629383125 31.253617854329274))"
12678.0,799,Busan,South Korea,KOR,0.002628648238229,0.2515014707716038,"[0.0, 0.02)","POLYGON ((129.15890246984335 35.157466195156076, 129.15890246984335 35.16646333210652, 129.16983761163078 35.16646333210652, 129.16983761163078 35.157466195156076, 129.15890246984335 35.157466195156076))"
12778.0,202,Hiroshima,Japan,JPN,0.009296210092435,0.3186217808740567,"[0.0, 0.02)","POLYGON ((132.45801791834947 34.38736968589089, 132.45801791834947 34.39636682283864, 132.46885146963135 34.39636682283864, 132.46885146963135 34.38736968589089, 132.45801791834947 34.38736968589089))"
12829.0,1072,Quezon City [Manila],Philippines,PHL,0.008306865413051,0.1189222674741642,"[0.0, 0.02)","POLYGON ((120.95611656382351 14.613482977440086, 120.95611656382351 14.622480114330315, 120.96535540713587 14.622480114330315, 120.96535540713587 14.613482977440086, 120.95611656382351 14.613482977440086))"
12858.0,2523,Osaka [Kyoto],Japan,JPN,0.001145615672175,0.5664822144500107,"[0.0, 0.02)","POLYGON ((135.50310527966138 34.67330414909143, 135.50310527966138 34.682301286040186, 135.5139761010687 34.682301286040186, 135.5139761010687 34.67330414909143, 135.50310527966138 34.67330414909143))"
12964.0,314,Tokyo,Japan,JPN,0.007881192545532,0.3666942949809256,"[0.0, 0.02)","POLYGON ((139.71911637012514 35.72456227962622, 139.71911637012514 35.7335594165787, 139.73012883118724 35.7335594165787, 139.73012883118724 35.72456227962622, 139.71911637012514 35.72456227962622))"
12981.0,301,Cebu City,Philippines,PHL,0.089122056168774,0.0793858081887425,"[0.08, 0.1)","POLYGON ((123.89160560174206 10.310442364783851, 123.89160560174206 10.31943950166338, 123.9006922393882 10.31943950166338, 123.9006922393882 10.310442364783851, 123.89160560174206 10.310442364783851))"
